{
    "web": {
        "client_id": "937145707107-rf1hjrqqjlrieiehnmqrtfs1tcqh6p2v.apps.googleusercontent.com",
        "project_id": "massive-sandbox-398906",
        "auth_uri": "https://accounts.google.com/o/oauth2/auth",
        "token_uri": "https://oauth2.googleapis.com/token",
        "auth_provider_x509_cert_url": "https://www.googleapis.com/oauth2/v1/certs",
        "client_secret": "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",
        "redirect_uris": [
            "http://localhost:5000",
            "http://localhost:5000/google/callback"
        ]
    }
}